model	threshold	n_windows	total_pred_sites_nonzero	total_hamming_errors	mean_hamming_error_rate	total_switch_errors	mean_switch_error_rate	mean_phased_site_accuracy_pct	mean_truth_correct_pct	mean_raw_block_n50_bp	mean_median_block_span_bp
Phase7G_stable	0.50	6	24607	75	0.0035849037938342227	32	0.0022234662643526655	99.64150962061659	69.3187404027055	227075.66666666666	701.1666666666666
Phase8AB_experimental	0.50	6	24603	77	0.0037475600396474646	34	0.002436074315150133	99.62524399603525	69.2911134779721	227119.66666666666	702.6666666666666
Phase8C_beagle_copying	0.50	6	24607	75	0.003585295347835376	32	0.0022229139175235025	99.64147046521646	69.30484602260718	226982.0	702.1666666666666
Phase8D_scaffold_projection	0.50	6	26491	257	0.015076909833059723	166	0.01192631895929206	98.49230901669404	77.70908592542922	451821.3333333333	570.0
Phase8E_ancestry_weighted	0.50	6	24610	74	0.003513487557284442	30	0.0020448293763548797	99.64865124427156	69.33854770426568	226978.0	701.5
