feature	gain	weight
panel_margin	13.821403503417969	370.0
phase8e_unweighted_confidence	9.812443733215332	262.0
support_conflict_ratio	4.463542938232422	272.0
phase8e_unweighted_plus_support	3.529010534286499	324.0
best_vs_second_margin	2.8812904357910156	273.0
