comparison_set	method	n_windows	windows	total_truth_sites	total_pred_sites_nonzero	total_exact_overlap_sites_phased	total_hamming_errors	weighted_hamming_error_rate	total_switch_errors	weighted_switch_error_rate	weighted_phased_site_accuracy_pct	weighted_truth_correct_pct	mean_truth_correct_pct	mean_hamming_error_rate	mean_switch_error_rate	mean_raw_block_n50_bp	mean_median_block_span_bp
fair_common_windows_with_whatshap_illumina30x	AWPhase_Phase6C_read_backbone	6	chr1_15_20mb,chr20_25_30mb,chr20_30_35mb,chr20_45_50mb,chr22_15_20mb,chr22_20_25mb	22268	23615	14721	68	0.004619251409550981	26	0.002253423470272144	99.5380748590449	65.80294593138136	64.51110462218224	0.0034358999722013546	0.0019466123257326758	288110.1666666667	568.6666666666666
fair_common_windows_with_whatshap_illumina30x	AWPhase_Phase7A_hand_panel_fill	6	chr1_15_20mb,chr20_25_30mb,chr20_30_35mb,chr20_45_50mb,chr22_15_20mb,chr22_20_25mb	22268	24830	15788	119	0.007537370154547758	85	0.006744425930334048	99.24626298454523	70.36554697323514	69.48222131217061	0.007912066321431552	0.00811228068056917	227429.0	746.1666666666666
fair_common_windows_with_whatshap_illumina30x	AWPhase_Phase7G_donor_default_t0.50	6	chr1_15_20mb,chr20_25_30mb,chr20_30_35mb,chr20_45_50mb,chr22_15_20mb,chr22_20_25mb	22268	24607	15713	75	0.004773117800547317	32	0.002554074547050842	99.52268821994527	70.22633375246991	69.3187404027055	0.0035849037938342227	0.0022234662643526655	227075.66666666666	701.1666666666666
fair_common_windows_with_whatshap_illumina30x	AWPhase_Phase7G_donor_precision_t0.80	6	chr1_15_20mb,chr20_25_30mb,chr20_30_35mb,chr20_45_50mb,chr22_15_20mb,chr22_20_25mb	22268	24568	15674	73	0.004657394411126707	29	0.002321857485988791	99.53426055888734	70.06017603736304	69.14453323952709	0.003473422677038741	0.001989570317112461	227009.5	698.5
fair_common_windows_with_whatshap_illumina30x	WhatsHap_Illumina30x	6	chr1_15_20mb,chr20_25_30mb,chr20_30_35mb,chr20_45_50mb,chr22_15_20mb,chr22_20_25mb	22268	29645	19102	506	0.026489372840540256	313	0.020319397559075563	97.35106271594599	83.50996946290641	82.45711151366645	0.026895326313949253	0.023035536799299882	288264.1666666667	619.3333333333334
