model	threshold	n_windows	total_pred_sites_nonzero	total_hamming_errors	mean_hamming_error_rate	total_switch_errors	mean_switch_error_rate	mean_phased_site_accuracy_pct	mean_truth_correct_pct	mean_raw_block_n50_bp	mean_median_block_span_bp
Phase8F_pruned_5feature	0.50	17	64418	252	0.004818001388671136	213	0.00538503299160361	99.51819986113289	70.60934492541347	82465.0	742.8823529411765
Phase8F_pruned_5feature	0.70	17	63916	209	0.003711563820736493	164	0.0038955806790294044	99.62884361792635	69.96998655031575	82088.11764705883	713.4705882352941
Phase8F_pruned_5feature	0.80	17	63482	188	0.0033590822537994374	140	0.003355495100728713	99.66409177462005	69.37839411861194	82047.58823529411	686.2941176470588
Phase8F_pruned_5feature	0.90	17	62751	161	0.0028439147795970092	107	0.0024992537258522493	99.7156085220403	68.44902339718607	103297.76470588235	645.2352941176471
