config	n_windows	total_accepted_edges	total_merged_sites	total_accepted_span_gain_sum	mean_accepted_span_gain	total_pred_sites_nonzero	total_hamming_errors	mean_hamming_error_rate	total_switch_errors	mean_switch_error_rate	mean_phased_site_accuracy_pct	mean_truth_correct_pct	mean_raw_block_n50_bp	mean_median_block_span_bp	mean_max_block_span_bp
p995_m100_gain10k_hybrid_d1_c6_s1mb_g500k	17	78	940	2013671	25816.29487179487	63560	195	0.0035222842367647637	150	0.003658841863939311	99.64777157632352	69.51837841829787	83032.76470588235	685.3529411764706	160041.11764705883
p995_m75_gain10k_hybrid_d1_c6_s1mb_g500k	17	110	1278	2842083	25837.118181818183	63560	195	0.0035222842367647637	150	0.003656157266403435	99.64777157632352	69.51837841829787	84534.0	685.4705882352941	162589.11764705883
