model	threshold	n_windows	total_pred_sites_nonzero	total_hamming_errors	mean_hamming_error_rate	total_switch_errors	mean_switch_error_rate	mean_phased_site_accuracy_pct	mean_truth_correct_pct	mean_raw_block_n50_bp	mean_median_block_span_bp	mean_max_block_span_bp
Phase9A_bridge_on_Phase8F_t0.80	0.98	17	63560	228	0.00417895574055705	178	0.0040090816170044175	99.5821044259443	69.47469501423002	93046.17647058824	897.2352941176471	183753.88235294117
Phase9A_bridge_on_Phase8F_t0.80	0.99	17	63560	220	0.004000998664175902	173	0.003948524046049667	99.59990013358241	69.48579476662357	87612.17647058824	784.5294117647059	169266.9411764706
Phase9A_bridge_on_Phase8F_t0.80	0.995	17	63560	199	0.0036305337662290763	156	0.003740693075912905	99.63694662337709	69.5112111908137	84728.88235294117	698.3529411764706	151421.5294117647
