feature	gain	weight
candidate_accepted_by_rule	0.0	0.0
panel_confidence	3.8689839839935303	177.0
panel_margin	5.837702751159668	169.0
panel_support	2.2193427085876465	93.0
panel_conflict	2.0618507862091064	107.0
support_conflict_ratio	2.914064645767212	54.0
panel_samples	0.0	0.0
panel_haplotypes	1.0191597938537598	14.0
anchors	1.690725326538086	2.0
best_vs_second_margin	1.530889868736267	124.0
n_block_candidates	1.6936841011047363	66.0
