method	n_windows	windows	total_truth_sites	total_pred_sites_nonzero	total_exact_overlap_sites_phased	weighted_phasing_coverage_pct	total_hamming_errors	weighted_hamming_error_rate	total_switch_errors	weighted_switch_error_rate	weighted_phased_site_accuracy_pct	weighted_truth_correct_pct	mean_truth_correct_pct	mean_hamming_error_rate	mean_switch_error_rate	mean_raw_block_n50_bp	median_raw_block_n50_bp	stddev_raw_block_n50_bp	total_runtime_seconds	mean_runtime_seconds	median_runtime_seconds	stddev_runtime_seconds
AWPhase_Phase6C_Rust_WMEC	2	chr6_25_30mb,chr6_30_35mb	16363	15360	12415	75.8723950375848	50	0.004027386226339106	21	0.0019006244909041542	99.59726137736608	75.56682759885106	74.23138047964179	0.003798850072807179	0.002000317553266427	1734519.5	1734519.5	1732092.5	26.0	13.0	13.0	2.0
AWPhase_Phase7A_current	2	chr6_25_30mb,chr6_30_35mb	16363	15851	12905	78.86695593717533	71	0.005501743510267338	46	0.003986826139712255	99.44982564897327	78.43305017417345	77.38679122482961	0.005363979201188503	0.0043863874400858335	1736402.5	1736402.5	1730209.5	49.0	24.5	24.5	1.5
AWPhase_Phase8_PBWT	2	chr6_25_30mb,chr6_30_35mb	16363	17554	14533	88.81623174234554	54	0.0037156815523291817	24	0.001822738664843928	99.62843184476708	88.48621890851311	87.61232914882055	0.0035356659707599805	0.0019833601043100406	1738048.0	1738048.0	1728564.0	33.0	16.5	16.5	1.5
AWPhase_Phase8_PBWT_HMM	2	chr6_25_30mb,chr6_30_35mb	16363	17573	14551	88.92623602028968	54	0.003711085148787025	24	0.0018202502844141069	99.6288914851213	88.59622318645725	87.71666118540098	0.003531379153203499	0.0019808592224441323	1738145.0	1738145.0	1728467.0	47.0	23.5	23.5	2.5
AWPhase_Phase8_PBWT_HMM_V2_forward_backward	2	chr6_25_30mb,chr6_30_35mb	16363	17635	14611	89.29291694677015	57	0.0039011703511053317	27	0.0020385050962627408	99.60988296488947	88.94457006661371	88.11161069664038	0.003674927959699219	0.0021402297911634815	1739914.5	1739914.5	1726697.5	92.0	46.0	46.0	5.0
AWPhase_Phase8_PBWT_V2_exact_prefix	2	chr6_25_30mb,chr6_30_35mb	16363	17580	14558	88.9690154617124	57	0.003915372990795439	27	0.0020466949666464525	99.60846270092046	88.62066858155595	87.76642055047779	0.003688636894065989	0.002150214004015843	1739914.5	1739914.5	1726697.5	64.0	32.0	32.0	2.0
