method	n_windows	windows	total_truth_sites	total_pred_sites_nonzero	total_exact_overlap_sites_phased	total_hamming_errors	weighted_hamming_error_rate	total_switch_errors	weighted_switch_error_rate	weighted_phased_site_accuracy_pct	weighted_truth_correct_pct	mean_truth_correct_pct	mean_hamming_error_rate	mean_switch_error_rate	mean_raw_block_n50_bp
AWPhase_Phase6C_Rust_WMEC	5	chr1_100_105mb,chr1_165_170mb,chr22_25_30mb,chr22_30_35mb,chr22_35_40mb	26524	17729	17486	106	0.00606199245110374	56	0.004106776180698152	99.39380075488963	65.52556175539134	64.81243503851815	0.005501944861356606	0.00400290996223364	1351.0
AWPhase_Phase7A_current	5	chr1_100_105mb,chr1_165_170mb,chr22_25_30mb,chr22_30_35mb,chr22_35_40mb	26524	19228	18973	169	0.008907394718810942	119	0.007869329453775956	99.10926052811891	70.89428442165585	70.28389930658092	0.008392644955608125	0.00785418674724306	5401.2
AWPhase_Phase8_PBWT	5	chr1_100_105mb,chr1_165_170mb,chr22_25_30mb,chr22_30_35mb,chr22_35_40mb	26524	22793	22508	125	0.005553580948995913	77	0.004127358490566038	99.44464190510041	84.3877243251395	83.89149388698361	0.00516680398625299	0.004160805408760531	9604.0
AWPhase_Phase8_PBWT_HMM	5	chr1_100_105mb,chr1_165_170mb,chr22_25_30mb,chr22_30_35mb,chr22_35_40mb	26524	22816	22531	126	0.005592295060139364	81	0.004336420579260132	99.44077049398607	84.47066807419695	83.96980275715092	0.005197911394624456	0.0043348981130689	9712.8
WhatsHap_Illumina30x	5	chr1_100_105mb,chr1_165_170mb,chr22_25_30mb,chr22_30_35mb,chr22_35_40mb	26524	22979	22499	635	0.028223476598959955	552	0.030624133148404994	97.177652340104	82.43100588146584	81.99849223180986	0.028992963255966776	0.03183592505222826	1567.6
WhatsHap_PacBio_HiFi30x	5	chr1_100_105mb,chr1_165_170mb,chr22_25_30mb,chr22_30_35mb,chr22_35_40mb	26524	27159	26486	132	0.004983765007928717	149	0.005641588731967741	99.50162349920713	99.35907103001055	99.3417434941785	0.005104214064811174	0.0058007722400530825	679233.4
